threshold,marks
17,1136.3666666666675
12,564.6333333333332
14,733.5666666666671
19,1553.3999999999976
15,844.700000000001
11,487.5333333333328
13,641.4833333333331
16,979.3333333333348
20,1717.5333333333328
18,1341.4499999999998
